{
    "training_info": {
        "epochs_completed": 50,
        "total_epochs": 50,
        "batch_size": 64,
        "learning_rate": 0.001,
        "weight_decay": 0.01,
        "label_smoothing": 0.1,
        "dropout_rate": 0.4,
        "early_stopping_patience": 8,
        "optimizer": "AdamW",
        "device": "cpu",
        "training_duration_seconds": 9129.760197,
        "training_duration_formatted": "2:32:09.760197",
        "early_stopped": false
    },
    "model_info": {
        "total_parameters": 1739908,
        "trainable_parameters": 1739908,
        "architecture": "MLP: 3072 -> 512 -> 256 -> 128 -> 4",
        "hidden_sizes": [
            512,
            256,
            128
        ],
        "dropout_rate": 0.4
    },
    "final_metrics": {
        "train_loss": 0.9875990655422211,
        "train_accuracy": 64.18125,
        "test_loss": 0.8999662266837226,
        "test_accuracy": 70.0
    },
    "best_metrics": {
        "best_test_accuracy": 70.4,
        "best_test_loss": 0.9005937727670821,
        "best_epoch": 48
    },
    "train_losses": [
        1.269963580608368,
        1.1949506912231445,
        1.1589316115379333,
        1.1437933630943298,
        1.122146519422531,
        1.1132558269500732,
        1.1058389828205109,
        1.1043093447685242,
        1.0975236103534698,
        1.089739821434021,
        1.083505954504013,
        1.0843182487487792,
        1.0791195876598358,
        1.0760125181674958,
        1.0698915872573853,
        1.068284893989563,
        1.0645552775859832,
        1.059748121023178,
        1.0573892297744751,
        1.0524685151576996,
        1.0524853851795197,
        1.0445471251010894,
        1.0517339754104613,
        1.0440285444259643,
        1.0426609573364258,
        1.0391714208126068,
        1.0389141294956208,
        1.0339779171943664,
        1.0308458869457244,
        1.0323845646381378,
        1.0254065146446227,
        1.028899041891098,
        1.0297925128936767,
        1.025980986595154,
        1.0240231087207794,
        1.0283906569480896,
        1.0187712624073029,
        1.0197236380577088,
        1.0171420016288757,
        1.0181333913803101,
        1.013671586751938,
        1.007954751253128,
        1.0094410743713378,
        1.0010618767738342,
        0.9972210721969604,
        0.9946122319698334,
        0.9886881079673767,
        0.9926864004135132,
        0.9825079391002655,
        0.9875990655422211
    ],
    "train_accuracies": [
        44.6375,
        49.76875,
        52.39375,
        53.3125,
        55.50625,
        55.8,
        56.08125,
        56.7,
        56.625,
        57.6625,
        58.25,
        57.7625,
        58.325,
        58.6125,
        58.88125,
        58.85625,
        59.29375,
        59.54375,
        59.7375,
        59.9,
        60.1125,
        60.48125,
        59.86875,
        60.5,
        60.65625,
        61.28125,
        61.2,
        61.125,
        61.26875,
        61.40625,
        61.79375,
        61.9125,
        61.30625,
        62.025,
        62.19375,
        61.5875,
        62.83125,
        62.725,
        62.40625,
        62.1625,
        62.98125,
        63.55,
        62.925,
        63.7375,
        63.91875,
        63.98125,
        64.41875,
        64.2875,
        64.425,
        64.18125
    ],
    "test_losses": [
        1.1364551224405803,
        1.1182007108415877,
        1.0704360973267328,
        1.0687088058108376,
        1.0315673625658428,
        1.0213017652905176,
        1.0135676501289246,
        0.998197993588826,
        1.0063691744728693,
        0.9932157122899615,
        0.9904877893508427,
        0.9910263456995525,
        0.976731350497594,
        0.9772869376909166,
        0.9844476873912509,
        0.9806508308365232,
        0.9748784918633718,
        0.9688138706343514,
        0.9561265848931813,
        0.9728310751536536,
        0.9552910384677705,
        0.9651390843921237,
        0.9469393605277652,
        0.9504704409175448,
        0.9478430010023571,
        0.9406684249166458,
        0.9373539383449252,
        0.9333117954314701,
        0.9365227004838368,
        0.9396965967284309,
        0.9297350238239954,
        0.9261395316275339,
        0.9266561241376967,
        0.9214112985701788,
        0.9265692177272978,
        0.9270935985777113,
        0.9243960844145881,
        0.9166249282776363,
        0.9385119061621409,
        0.9182729976517814,
        0.9249145350758992,
        0.91686059842034,
        0.903227618762425,
        0.9112894875662667,
        0.909243487176441,
        0.8959704249624222,
        0.9057171600205558,
        0.9005937727670821,
        0.9020104758323185,
        0.8999662266837226
    ],
    "test_accuracies": [
        53.225,
        54.1,
        58.325,
        58.7,
        61.275,
        60.75,
        62.15,
        62.825,
        62.55,
        63.6,
        64.525,
        63.975,
        64.825,
        65.125,
        64.4,
        64.25,
        65.075,
        65.55,
        66.4,
        65.625,
        67.05,
        65.95,
        66.95,
        66.8,
        67.1,
        68.075,
        67.875,
        68.375,
        67.175,
        67.65,
        68.475,
        68.725,
        68.2,
        69.0,
        68.525,
        68.8,
        69.275,
        69.35,
        68.75,
        68.65,
        68.525,
        68.925,
        69.85,
        69.45,
        69.475,
        70.35,
        69.7,
        70.4,
        70.25,
        70.0
    ],
    "learning_rates": [
        0.001,
        0.001,
        0.001,
        0.001,
        0.001,
        0.001,
        0.001,
        0.001,
        0.001,
        0.001,
        0.001,
        0.001,
        0.001,
        0.001,
        0.001,
        0.001,
        0.001,
        0.001,
        0.001,
        0.001,
        0.001,
        0.001,
        0.001,
        0.001,
        0.001,
        0.001,
        0.001,
        0.001,
        0.001,
        0.001,
        0.001,
        0.001,
        0.001,
        0.001,
        0.001,
        0.001,
        0.001,
        0.001,
        0.001,
        0.001,
        0.001,
        0.001,
        0.0005,
        0.0005,
        0.0005,
        0.0005,
        0.0005,
        0.0005,
        0.0005,
        0.0005
    ],
    "class_names": [
        "airplane",
        "automobile",
        "ship",
        "truck"
    ]
}